Book Id,Title,Author,Author l-f,Additional Authors,ISBN,ISBN13,My Rating,Average Rating,Publisher,Binding,Number of Pages,Year Published,Original Publication Year,Date Read,Date Added,Bookshelves,Bookshelves with positions,Exclusive Shelf,My Review,Spoiler,Private Notes,Read Count,Owned Copies
54716655,Kill It with Fire: Manage Aging Computer Systems (and Future Proof Modern Ones),Marianne Bellotti,"Bellotti, Marianne",,"=""1718501188""","=""9781718501188""",0,4.19,No Starch Press,Paperback,220,2021,,,2021/12/05,"currently-reading, business, programming","currently-reading (#13), business (#16), programming (#20)",currently-reading,,,,1,0
25655712,JavaScript with Promises: Managing Asynchronous Code,Daniel Parker,"Parker, Daniel",,"=""""","=""""",4,3.89,O'Reilly Media,Kindle Edition,94,2015,2014,,2022/10/01,programming,programming (#19),read,,,,1,0
57573212,Learning Domain-Driven Design: Aligning Software Architecture and Business Strategy,Vladik Khononov,"Khononov, Vladik",,"=""1098100131""","=""9781098100131""",0,4.54,O'Reilly Media,Paperback,340,2021,,,2022/02/27,"currently-reading, business","currently-reading (#12), business (#15)",currently-reading,,,,1,0
48816586,Software Engineering at Google: Lessons Learned from Programming Over Time,Titus Winters,"Winters, Titus","Tom Manshreck, Hyrum Wright","=""1492082791""","=""9781492082798""",0,4.20,O'Reilly Media,Paperback,602,2020,2020,,2021/09/02,currently-reading,currently-reading (#11),currently-reading,,,,1,0
57345272,Code That Fits in Your Head: Heuristics for Software Engineering,Mark Seemann,"Seemann, Mark",,"=""0137464401""","=""9780137464401""",0,4.09,Addison-Wesley Professional,Paperback,406,2021,,,2022/02/27,to-read,to-read (#96),to-read,,,,0,0
25531393,Patterns Principles and Practices of Domain Driven Design,Scott Millett,"Millett, Scott",Nick Tune,"=""""","=""""",0,4.36,Wrox,Paperback,736,2015,2014,,2022/02/27,to-read,to-read (#95),to-read,,,,0,0
54466852,Domain-Driven Design — The First 15 Years: Essays from the DDD Community,DDD Community,"Community, DDD","Rebecca Wirfs-Brock, Martin Fowler, Mathias Verraes, Mel Conway, Alberto Brandolini, Paul Rayner, Scott Wlaschin, David West, Scott Millett","=""""","=""""",0,3.92,,Kindle Edition,,2020,,,2022/02/27,to-read,to-read (#94),to-read,,,,0,0
6608313,Cyanide and Happiness,Kris Wilson,"Wilson, Kris","Matt Melvin, Rob DenBleyker, Dave McElfatrick","=""0061914797""","=""9780061914799""",0,4.16,It Books,Paperback,160,2010,2005,,2021/11/23,to-read,to-read (#93),to-read,,,,0,0
40993344,Automating Humanity,Joe Toscano,"Toscano, Joe",,"=""1576879208""","=""9781576879207""",0,3.57,powerHouse Books,Hardcover,288,2018,,,2021/11/12,to-read,to-read (#92),to-read,,,,0,0
44573628,Super Pumped: The Battle for Uber,Mike Isaac,"Isaac, Mike",,"=""0393652246""","=""9780393652246""",0,4.14,W. W. Norton  Company,Hardcover,408,2019,2019,,2021/11/12,to-read,to-read (#91),to-read,,,,0,0
18043011,Clean Architecture,Robert C. Martin,"Martin, Robert C.",,"=""0134494164""","=""9780134494166""",0,4.24,Prentice Hall,Paperback,432,2017,2017,,2021/10/27,currently-reading,currently-reading (#10),currently-reading,,,,1,0
17239285,Microinteractions: Designing with Details,Dan Saffer,"Saffer, Dan",,"=""144934268X""","=""9781449342685""",0,4.02,O'Reilly Media,Paperback,170,2013,2013,,2021/10/27,to-read,to-read (#90),to-read,,,,0,0
52715562,The Pragmatic Programmer: Your Journey to Mastery,David Thomas,"Thomas, David",Andrew Hunt,"=""""","=""""",5,4.33,Addison-Wesley Professional,Kindle Edition,352,2019,1999,2021/10/25,2020/11/17,,,read,,,,1,0
13629,The Mythical Man-Month: Essays on Software Engineering,Frederick P. Brooks Jr.,"Jr., Frederick P. Brooks",,"=""0201835959""","=""9780201835953""",0,4.01,Addison-Wesley Professional,Paperback,322,1995,1975,,2021/10/25,to-read,to-read (#89),to-read,,,,0,0
37638098,Creative Selection: Inside Apple's Design Process During the Golden Age of Steve Jobs,Ken Kocienda,"Kocienda, Ken",,"=""1250194466""","=""9781250194466""",0,4.07,St. Martin's Press,Hardcover,264,2018,2018,,2021/10/19,to-read,to-read (#88),to-read,,,,0,0
6892870,"The Girl Who Kicked the Hornet's Nest (Millennium, #3)",Stieg Larsson,"Larsson, Stieg",Reg Keeland,"=""030726999X""","=""9780307269997""",0,4.23,Knopf,Hardcover,566,2010,2007,,2021/10/19,to-read,to-read (#87),to-read,,,,0,0
84525,What Got You Here Won't Get You There,Goldsmith Marshall,"Marshall, Goldsmith",,"=""""","=""9781781251560""",0,3.95,PROFILE BOOKS,Paperback,256,2013,2006,,2021/10/16,to-read,to-read (#86),to-read,,,,0,0
35957156,"Lost and Founder: The Mostly Awful, Sometimes Awesome Truth about Building a Tech Startup",Rand Fishkin,"Fishkin, Rand",,"=""0735213321""","=""9780735213326""",0,4.36,Portfolio,Hardcover,300,2018,2018,,2021/10/16,to-read,to-read (#85),to-read,,,,0,0
15014,Crucial Conversations: Tools for Talking When Stakes are High,Stephen R. Covey,"Covey, Stephen R.","Kerry Patterson, Joseph Grenny, Ron McMillan, Al Switzler","=""0071401946""","=""9780071401944""",0,4.06,McGraw-Hill,Paperback,240,2002,2002,,2021/10/12,to-read,to-read (#84),to-read,,,,0,0
52719441,Production Ready GraphQL,Marc-Andre Giroux,"Giroux, Marc-Andre",,"=""""","=""""",0,4.47,,ebook,180,2020,,,2021/10/11,currently-reading,currently-reading (#9),currently-reading,,,,1,0
44595007,Indistractable: How to Control Your Attention and Choose Your Life,Nir   Eyal,"Eyal, Nir",Julie Li,"=""194883653X""","=""9781948836531""",0,3.75,Benbella Books,Hardcover,300,2019,2019,,2021/10/10,to-read,to-read (#83),to-read,,,,0,0
23692271,Sapiens: A Brief History of Humankind,Yuval Noah Harari,"Harari, Yuval Noah",,"=""""","=""""",0,4.38,Vintage,Paperback,512,2015,2011,,2021/08/25,currently-reading,currently-reading (#8),currently-reading,,,,1,0
22668729,Hooked: How to Build Habit-Forming Products,Nir   Eyal,"Eyal, Nir",,"=""1591847788""","=""9781591847786""",4,4.10,Portfolio,Hardcover,256,2014,2013,2021/10/07,2020/05/30,,,read,,,,1,0
58482658,Write Useful Books: A modern approach to designing and refining recommendable nonfiction,Rob Fitzpatrick,"Fitzpatrick, Rob",Adam Rosen,"=""""","=""""",0,4.55,,Kindle Edition,,2021,,,2021/10/03,to-read,to-read (#81),to-read,,,,0,0
49628,Cloud Atlas,David Mitchell,"Mitchell, David",,"=""0375507256""","=""9780375507250""",0,4.01,Random House,Paperback,509,2004,2004,,2021/10/04,to-read,to-read (#82),to-read,,,,0,0
54109255,System Design Interview – An Insider's Guide,Alex Xu,"Xu, Alex",,"=""""","=""""",0,4.29,,Kindle Edition,324,2020,2020,,2021/08/18,currently-reading,currently-reading (#2),currently-reading,,,,1,0
34626375,"Comics for a Strange World: A Book of Poorly Drawn Lines (Poorly Drawn Lines, #2)",Reza Farazmand,"Farazmand, Reza",,"=""0735219885""","=""9780735219885""",0,4.16,Plume Books,Paperback,197,2017,2017,,2021/10/01,to-read,to-read (#80),to-read,,,,0,0
31951519,The Usefulness of Useless Knowledge,Abraham Flexner,"Flexner, Abraham",Robbert Dijkgraaf,"=""0691174768""","=""9780691174761""",0,4.24,Princeton University Press,Hardcover,104,2017,1939,,2021/09/27,to-read,to-read (#79),to-read,,,,0,0
58233711,A Common-Sense Guide to Data Structures and Algorithms:: Level Up Your Core Programming Skills,Jay Wengrow,"Wengrow, Jay",,"=""""","=""""",0,4.36,,Kindle Edition,,2021,,,2021/08/18,currently-reading,currently-reading (#3),currently-reading,,,,1,0
44144499,Monolith to Microservices: Sustaining Productivity While Detangling the System,Sam Newman,"Newman, Sam",,"=""1492047848""","=""9781492047841""",0,4.30,O'Reilly Media,Paperback,255,2019,,,2021/09/22,to-read,to-read (#78),to-read,,,,0,0
28321010,Kafka: The Definitive Guide: Real-Time Data and Stream Processing at Scale,Neha Narkhede,"Narkhede, Neha","Gwen Shapira, Todd Palino","=""1491936169""","=""9781491936160""",0,4.14,O'Reilly Media,Paperback,322,2017,,,2021/09/22,to-read,to-read (#77),to-read,,,,0,0
23463279,Designing Data-Intensive Applications,Martin Kleppmann,"Kleppmann, Martin",,"=""""","=""""",0,4.72,O'Reilly,ebook,562,,2015,,2021/09/22,to-read,to-read (#76),to-read,,,,0,0
18176747,The Hard Thing About Hard Things: Building a Business When There Are No Easy Answers,Ben Horowitz,"Horowitz, Ben",,"=""0062273205""","=""9780062273208""",5,4.23,Harper Business,Hardcover,304,2014,2014,2021/09/20,2020/05/30,business,business (#14),read,A real eye opener to the world of tech businesses and being a CEO for a tech company. A must read before telling someone you want to be a CEO of something. It might help you or change your mind. Even if you are a cog in the machine there are lessons here for you too. Inspired thanks Ben H.,,,1,0
50419441,Mathematics for Machine Learning,Marc Deisenroth,"Deisenroth, Marc","A. Aldo Faisal, Cheng Soon Ong","=""1108679935""","=""9781108679930""",0,4.37,Cambridge University Press,ebook,,2020,,,2021/09/20,to-read,to-read (#75),to-read,,,,0,0
23759189,"The Phoenix Project: A Novel About IT, DevOps, and Helping Your Business Win",Gene Kim,"Kim, Gene","Kevin Behr, George Spafford","=""""","=""""",4,4.27,IT Revolution Press,Kindle Edition,370,2014,2013,,2021/09/19,favorites,favorites (#11),read,,,,1,0
259072,Designing with Web Standards,Jeffrey Zeldman,"Zeldman, Jeffrey",,"=""0735712018""","=""9780735712010""",5,4.07,New Riders,Paperback,436,2003,2003,,2021/08/31,"programming, favorites","programming (#12), favorites (#13)",read,Read this a long time ago. Changed the course of my development back then.,,,1,0
29496432,Find Your Why: A Practical Guide to Discovering Purpose for You and Your Team,Simon Sinek,"Sinek, Simon","David Mead, Peter  Docker","=""0143111728""","=""9780143111726""",0,3.66,Portfolio,Paperback,256,2017,2017,,2021/09/19,to-read,to-read (#74),to-read,,,,0,0
76865,Good to Great: Why Some Companies Make the Leap... and Others Don't,James C. Collins,"Collins, James C.",,"=""0066620996""","=""9780066620992""",0,4.14,HarperBusiness,Hardcover,300,2001,2001,,2021/09/19,to-read,to-read (#73),to-read,,,,0,0
6346975,Moonwalking with Einstein: The Art and Science of Remembering Everything,Joshua Foer,"Foer, Joshua",,"=""159420229X""","=""9781594202292""",0,3.88,"Penguin Press HC, The",Hardcover,307,2011,2011,,2021/09/19,to-read,to-read (#72),to-read,,,,0,0
43565360,Artificial Intelligence: A Guide for Thinking Humans,Melanie  Mitchell,"Mitchell, Melanie",,"=""0374257833""","=""9780374257835""",0,4.41,"Farrar, Straus and Giroux",Hardcover,336,2019,2019,,2021/09/18,to-read,to-read (#71),to-read,,,,0,0
242433,Andy Grove: The Life and Times of an American,Richard S. Tedlow,"Tedlow, Richard S.",,"=""1591841399""","=""9781591841395""",0,3.97,Portfolio Hardcover,Hardcover,576,2006,2006,,2021/09/18,to-read,to-read (#70),to-read,,,,0,0
18606951,"The Intel Trinity: How Robert Noyce, Gordon Moore, and Andy Grove Built the World's Most Important Company",Michael S. Malone,"Malone, Michael S.",,"=""0062226762""","=""9780062226761""",0,4.19,Harper Business,Hardcover,560,2014,2014,,2021/09/18,to-read,to-read (#69),to-read,,,,0,0
52472115,Good Services: How to design services that work,Lou Downe,"Downe, Lou",,"=""9063695438""","=""9789063695439""",0,4.31,BIS Publishers,Paperback,224,2020,,,2021/09/17,to-read,to-read (#68),to-read,,,,0,0
25520974,"Articulating Design Decisions: Communicate with Stakeholders, Keep Your Sanity, and Deliver the Best User Experience",Tom Greever,"Greever, Tom",,"=""1491921560""","=""9781491921562""",0,4.13,O'Reilly Media,Paperback,259,2015,2015,,2021/09/16,to-read,to-read (#67),to-read,,,,0,0
41881472,The Psychology of Money,Morgan Housel,"Housel, Morgan",,"=""""","=""""",0,4.38,Harriman House,Paperback,252,2020,2020,,2021/09/16,to-read,to-read (#66),to-read,,,,0,0
179133,Domain-Driven Design: Tackling Complexity in the Heart of Software,Eric Evans,"Evans, Eric",,"=""0321125215""","=""9780321125217""",0,4.15,Addison-Wesley Professional,Hardcover,560,2003,2003,,2021/09/16,to-read,to-read (#65),to-read,,,,0,0
46223297,Permanent Record,Edward Snowden,"Snowden, Edward",,"=""1250237238""","=""9781250237231""",5,4.31,Metropolitan Books,Hardcover,339,2019,2019,,2020/03/08,"non-fiction, favorites","non-fiction (#9), favorites (#12)",read,,,,1,0
23164946,The Surrender Experiment: My Journey into Life's Perfection,Michael A. Singer,"Singer, Michael A.",,"=""080414110X""","=""9780804141109""",5,4.08,Harmony,Paperback,252,2015,2015,2021/08/09,2021/07/16,"autobiography, favorites","autobiography (#4), favorites (#1)",read,,,,1,0
1963638,The Untethered Soul: The Journey Beyond Yourself,Michael A. Singer,"Singer, Michael A.",,"=""1572245379""","=""9781572245372""",5,4.22,New Harbinger Publications,Paperback,186,2007,2007,,2020/02/20,"spiritual, favorites","spiritual (#3), favorites (#10)",read,,,,1,0
3735293,Clean Code: A Handbook of Agile Software Craftsmanship,Robert C. Martin,"Martin, Robert C.",,"=""0132350882""","=""9780132350884""",5,4.39,Pearson,Paperback,464,2008,2007,,2020/03/08,"programming, favorites","programming (#7), favorites (#2)",read,,,,1,0
81948,The E-myth Revisited,Michael E. Gerber,"Gerber, Michael E.",,"=""0887307280""","=""9780887307287""",4,4.05,Harper Collins,Unknown Binding,269,1995,1985,2015/05/05,2020/03/08,"business, favorites","business (#6), favorites (#9)",read,,,,1,0
53746011,"Skip the Line: The 10,000 Experiments Rule and Other Surprising Advice for Reaching Your Goals",James Altucher,"Altucher, James",,"=""0062998935""","=""9780062998934""",5,4.13,Harper Business,ebook,288,2021,2021,2021/08/26,2021/08/20,"non-fiction, favorites","non-fiction (#7), favorites (#8)",read,"Quite inspiring, for sure I will do the ten ideas a day tip.",,,1,0
563,CSS Mastery: Advanced Web Standards Solutions,Andy Budd,"Budd, Andy","Cameron Moll, Simon Collison","=""1590596145""","=""9781590596142""",5,4.09,Friends of ED,Paperback,255,2006,2006,2006/08/17,2021/08/31,programming,programming (#13),read,"Read this a long time ago, a classic.",,,1,0
49195923,Reed Hastings: Building Netflix,Matt Burgess,"Burgess, Matt",,"=""""","=""""",4,3.52,Weidenfeld & Nicolson,Kindle Edition,133,2020,2020,2021/06/04,2021/08/28,autobiography,autobiography (#3),read,,,,1,0
857,Web Standards Solutions: The Markup and Style Handbook,Dan Cederholm,"Cederholm, Dan",Steve Rycroft,"=""1590593812""","=""9781590593813""",4,4.08,Friends of ED,Paperback,253,2004,2004,2004/06/23,2021/08/31,programming,programming (#15),read,,,,1,0
30646587,"The Simple Path to Wealth: Your road map to financial independence and a rich, free life",J.L. Collins,"Collins, J.L.",Mr. Money Mustache,"=""""","=""""",4,4.45,jlcollinsnh.com,Kindle Edition,288,2016,2016,2020/10/16,2021/08/29,non-fiction,non-fiction (#23),read,,,,1,0
35496817,Atomic Design,Brad Frost,"Frost, Brad",,"=""0998296600""","=""9780998296609""",4,4.02,Brad Frost,Paperback,189,2016,2016,2016/01/01,2021/08/28,non-fiction,non-fiction (#20),read,,,,1,0
11532012,Adaptive Web Design: Crafting Rich Experiences with Progressive Enhancement,Aaron Gustafson,"Gustafson, Aaron",Jeffrey Zeldman,"=""098358950X""","=""9780983589501""",4,4.01,Easy Readers,Paperback,144,2011,2011,2011/05/01,2021/08/31,programming,programming (#17),read,,,,1,0
26156469,Never Split the Difference: Negotiating As If Your Life Depended On It,Chris Voss,"Voss, Chris",Tahl Raz,"=""0062407805""","=""9780062407801""",2,4.37,Harper Business,Hardcover,274,2016,2016,2020/04/14,2020/11/17,non-fiction,non-fiction (#11),read,,,,1,0
12910715,Designing for Emotion,Aarron Walter,"Walter, Aarron",,"=""""","=""9781937557003""",5,3.96,A Book Apart,Paperback,104,2011,2011,2011/01/01,2021/08/31,programming,programming (#18),read,,,,1,0
1005,Think and Grow Rich: The Landmark Bestseller Now Revised and Updated for the 21st Century,Napoleon Hill,"Hill, Napoleon",,"=""1585424331""","=""9781585424337""",5,4.18,Tarcherperigee,Paperback,320,2005,1937,2018/11/16,2020/03/09,non-fiction,non-fiction (#1),read,,,,1,0
8148515,HTML5 for Web Designers,Jeremy Keith,"Keith, Jeremy",Jeffrey Zeldman,"=""0984442502""","=""9780984442508""",4,3.98,A Book Apart,Paperback,87,2010,2010,2010/03/08,2021/08/31,programming,programming (#16),read,,,,1,0
28257707,The Subtle Art of Not Giving a F*ck: A Counterintuitive Approach to Living a Good Life,Mark Manson,"Manson, Mark",,"=""""","=""""",3,3.91,Harper,Paperback,212,2016,2016,2020/12/05,2021/08/28,non-fiction,non-fiction (#19),read,,,,1,0
88061,Dreams from My Father: A Story of Race and Inheritance,Barack Obama,"Obama, Barack",,"=""1921351438""","=""9781921351433""",4,3.93,New York: Three Rivers Press,Paperback,453,2004,1995,2019/06/05,2021/08/25,autobiography,autobiography (#1),read,,,,1,0
52300107,Caffeine: How Caffeine Created the Modern World,Michael Pollan,"Pollan, Michael",,"=""""","=""""",3,3.73,Audible Original,Audible Audio,2,2020,2020,2020/10/04,2021/08/29,non-fiction,non-fiction (#22),read,,,,1,0
180116,"Awaken the Giant Within: How to Take Immediate Control of Your Mental, Emotional, Physical and Financial Destiny!",Tony Robbins,"Robbins, Tony","Anthony Robbins, Frederick L. Covan","=""0671791540""","=""9780671791544""",4,4.15,Simon  Schuster,Paperback,544,1992,1992,2015/09/01,2021/09/07,,,read,"A classic, read it a long time ago. It helped me get fired up big time. A good starter for new readers of this genre.",,,1,0
23158207,How Google Works,Eric Schmidt,"Schmidt, Eric",Jonathan Rosenberg,"=""""","=""""",4,4.05,Grand Central Publishing,Kindle Edition,286,2014,2014,2017/07/01,2021/08/25,business,business (#4),read,,,,1,0
15843166,You Are a Badass: How to Stop Doubting Your Greatness and Start Living an Awesome Life,Jen Sincero,"Sincero, Jen",,"=""0762447699""","=""9780762447695""",3,3.95,Running Press Adult,Paperback,254,2013,2013,2020/09/05,2021/09/07,,,read,,,,2,0
106835,The Intelligent Investor,Benjamin Graham,"Graham, Benjamin","Jason Zweig, Warren Buffett","=""0060555661""","=""9780060555665""",0,4.25,Harper Business,Paperback,623,2006,1949,,2021/09/08,to-read,to-read (#64),to-read,,,,0,0
44063692,What You Do Is Who You Are: How to Create Your Business Culture,Ben Horowitz,"Horowitz, Ben",,"=""0062871331""","=""9780062871336""",0,4.00,Harper Business,Hardcover,288,2019,2019,,2021/09/08,to-read,to-read (#63),to-read,,,,0,0
49099937,No Rules Rules: Netflix and the Culture of Reinvention,Reed Hastings,"Hastings, Reed",Erin Meyer,"=""0593152387""","=""9780593152386""",5,4.30,Random House Large Print Publishing,Paperback,464,2020,2020,2021/09/08,2020/11/17,business,business (#13),read,,,,1,0
944267,"Boundaries: When to Say Yes, How to Say No to Take Control of Your Life",Henry Cloud,"Cloud, Henry",John  Townsend,"=""""","=""""",0,4.20,Zondervan,Hardcover,314,1992,1992,,2021/09/06,to-read,to-read (#62),to-read,,,,0,0
39996759,A Philosophy of Software Design,John Ousterhout,"Ousterhout, John",,"=""1732102201""","=""9781732102200""",0,4.19,Yaknyam Press,Paperback,190,2018,2018,,2021/09/04,to-read,to-read (#61),to-read,,,,0,0
34267304,The Startup Way: Making Entrepreneurship a Fundamental Discipline of Every Enterprise,Eric Ries,"Ries, Eric",,"=""0147523303""","=""9780147523303""",0,3.98,Random House Audio Publishing Group,Audio CD,400,2017,2017,,2021/09/03,to-read,to-read (#60),to-read,,,,0,0
593458,The Art and Craft of Problem Solving,Paul Zeitz,"Zeitz, Paul",,"=""0471789011""","=""9780471789017""",0,4.57,Wiley,Paperback,366,2006,1999,,2021/09/03,to-read,to-read (#59),to-read,,,,0,0
33369254,The Manager's Path: A Guide for Tech Leaders Navigating Growth and Change,Camille Fournier,"Fournier, Camille",,"=""1491973897""","=""9781491973899""",0,4.26,O'Reilly Media,Paperback,226,2017,2017,,2021/09/02,to-read,to-read (#58),to-read,,,,0,0
25238425,The Effective Engineer: How to Leverage Your Efforts In Software Engineering to Make a Disproportionate and Meaningful Impact,Edmond Lau,"Lau, Edmond",,"=""0996128107""","=""9780996128100""",3,4.27,Effective Bookshelf,Paperback,260,2015,2015,2017/07/08,2018/12/28,non-fiction,non-fiction (#14),read,,,,1,0
44512538,Introduction to Natural Language Processing,Jacob Eisenstein,"Eisenstein, Jacob",,"=""0262042843""","=""9780262042840""",0,4.27,The MIT Press,Hardcover,536,2019,,,2021/09/02,to-read,to-read (#57),to-read,,,,0,0
37638074,"Dear Founder: Letters of Advice for Anyone Who Leads, Manages, or Wants to Start a Business",Maynard Webb,"Webb, Maynard",Carlye Adler,"=""1250195640""","=""9781250195647""",3,3.77,St. Martin's Press,Hardcover,352,2018,,2021/09/02,2021/08/29,business,business (#11),read,,,,1,0
50542735,Your Next Five Moves: Master the Art of Business Strategy,Patrick Bet-David,"Bet-David, Patrick",,"=""1982154829""","=""9781982154820""",0,4.14,Gallery Books,ebook,275,2020,,,2021/08/31,to-read,to-read (#56),to-read,,,,0,0
55277918,Super Founders: What Data Reveals About Billion-Dollar Startups,Ali Tamaseb,"Tamaseb, Ali",,"=""1541768426""","=""9781541768420""",0,4.25,PublicAffairs,Hardcover,320,2021,,,2021/08/31,to-read,to-read (#55),to-read,,,,0,0
43190966,Refactoring UI,Adam Wathan,"Wathan, Adam",Steve Schoger,"=""""","=""""",4,4.68,,ebook,252,2018,,,2021/08/31,"non-fiction, design","non-fiction (#25), design (#1)",read,,,,1,0
12544648,Cracking the Coding Interview: 150 Programming Questions and Solutions,Gayle Laakmann McDowell,"McDowell, Gayle Laakmann",,"=""1466208686""","=""9781466208681""",0,4.34,Createspace,Paperback,500,2011,2008,,2021/08/31,to-read,to-read (#54),to-read,,,,0,0
27220736,Shoe Dog: A Memoir by the Creator of Nike,Phil Knight,"Knight, Phil",,"=""1501135910""","=""9781501135910""",0,4.47,Scribner,Hardcover,400,2016,2016,,2021/08/31,to-read,to-read (#53),to-read,,,,0,0
27036528,Ego Is the Enemy,Ryan Holiday,"Holiday, Ryan",,"=""1591847818""","=""9781591847816""",0,4.14,Portfolio,Hardcover,226,2016,2016,,2021/08/31,to-read,to-read (#52),to-read,,,,0,0
20987043,Cracking the PM Interview: How to Land a Product Manager Job in Technology,Gayle Laakmann McDowell,"McDowell, Gayle Laakmann",Jackie Bavaro,"=""""","=""""",0,4.20,CareerCup,Kindle Edition,,2014,2013,,2021/08/31,to-read,to-read (#51),to-read,,,,0,0
44773654,"React Design Patterns and Best Practices: Design, build and deploy production-ready web applications using standard industry practices, 2nd Edition",Carlos Santana Roldán,"Roldán, Carlos Santana",,"=""""","=""""",0,3.49,Packt Publishing,Kindle Edition,350,2019,,,2021/08/31,"programming, currently-reading","programming (#14), currently-reading (#7)",currently-reading,,,,1,0
20787425,Reinventing Organizations: A Guide to Creating Organizations Inspired by the Next Stage of Human Consciousness,Frederic Laloux,"Laloux, Frederic",Ken Wilber,"=""""","=""""",0,4.21,Nelson Parker,Kindle Edition,382,2014,2014,,2021/08/29,to-read,to-read (#50),to-read,,,,0,0
9420697,"The Compound Effect: Jumpstart Your Income, Your Life, Your Success",Darren Hardy,"Hardy, Darren",,"=""""","=""""",0,4.24,SUCCESS Books,Kindle Edition,162,,2010,,2021/08/29,"non-fiction, currently-reading","non-fiction (#24), currently-reading (#6)",currently-reading,,,,1,0
16599562,The DAO of Capital: Austrian Investing in a Distorted World,Mark Spitznagel,"Spitznagel, Mark",Ron Paul,"=""1118416678""","=""9781118416679""",0,3.89,Wiley,ebook,368,2013,2013,,2021/08/29,"business, currently-reading","business (#12), currently-reading (#5)",currently-reading,,,,1,0
18693655,A Mind for Numbers: How to Excel at Math and Science (Even If You Flunked Algebra),Barbara Oakley,"Oakley, Barbara",,"=""039916524X""","=""9780399165245""",5,4.21,The Penguin Group,Paperback,336,2014,2014,,2021/08/28,non-fiction,non-fiction (#21),read,,,,1,0
21856367,"The Innovators: How a Group of Hackers, Geniuses and Geeks Created the Digital Revolution",Walter Isaacson,"Isaacson, Walter",,"=""147670869X""","=""9781476708690""",0,4.10,Simon and Schuster,Hardcover,542,2014,2014,,2021/08/28,to-read,to-read (#49),to-read,,,,0,0
54502643,Billion Dollar Loser: The Epic Rise and Spectacular Fall of Adam Neumann and WeWork,Reeves  Wiedeman,"Wiedeman, Reeves",,"=""0316461369""","=""9780316461368""",0,4.10,"Little, Brown and Company",Hardcover,352,2020,2020,,2021/08/28,to-read,to-read (#48),to-read,,,,0,0
25814544,Sprint: How to Solve Big Problems and Test New Ideas in Just Five Days,Jake Knapp,"Knapp, Jake","John Zeratsky, Brad Kowitz","=""""","=""9781501121746""",0,4.20,Simon  Schuster,Hardcover,274,2016,2016,,2021/08/28,to-read,to-read (#47),to-read,,,,0,0
40885164,Unshakeable: Your Financial Freedom Playbook,Anthony Robbins,"Robbins, Anthony",Tony Robbins,"=""""","=""""",3,4.07,Simon & Schuster,Kindle Edition,257,2017,2017,2018/10/13,2020/03/08,non-fiction,non-fiction (#18),read,,,,1,0
11084145,Steve Jobs,Walter Isaacson,"Isaacson, Walter",,"=""1451648537""","=""9781451648539""",5,4.16,Simon & Schuster,Hardcover,630,2011,2011,2015/07/22,2020/03/08,autobiography,autobiography (#10),read,,,,1,0
17255186,"The Phoenix Project: A Novel About IT, DevOps, and Helping Your Business Win",Gene Kim,"Kim, Gene","Kevin Behr, George Spafford","=""0988262592""","=""9780988262591""",5,4.27,IT Revolution Press,Hardcover,345,2013,2013,2016/06/11,2020/03/08,"business, fiction","business (#10), fiction (#7)",read,,,,1,0
44245196,The Great Mental Models: General Thinking Concepts,Shane Parrish,"Parrish, Shane",Rhiannon Beaubien,"=""""","=""""",4,4.09,Latticework Publishing Inc.,Audiobook,216,2019,2018,2019/07/13,2020/03/08,"business, non-fiction","business (#9), non-fiction (#17)",read,,,,1,0
36072,The 7 Habits of Highly Effective People: Powerful Lessons in Personal Change,Stephen R. Covey,"Covey, Stephen R.",Jim Collins,"=""0743269519""","=""9780743269513""",3,4.15,Free Press,Paperback,372,2004,1988,2018/08/08,2020/03/08,business,business (#8),read,,,,1,0
25541028,"Elon Musk: Tesla, SpaceX, and the Quest for a Fantastic Future",Ashlee Vance,"Vance, Ashlee",,"=""0062301233""","=""9780062301239""",5,4.20,Ecco,Hardcover,392,2015,2015,2017/04/06,2020/03/08,autobiography,autobiography (#9),read,,,,1,0
43169404,Out of My Mind,Alan Arkin,"Arkin, Alan",,"=""""","=""""",3,3.20,Audible Original,Audible Audio,3,2018,2018,2019/01/03,2020/03/08,autobiography,autobiography (#8),read,,,,1,0
38746485,Becoming,Michelle Obama,"Obama, Michelle",,"=""""","=""""",4,4.48,Crown,Hardcover,426,2018,2018,2019/09/01,2020/03/08,autobiography,autobiography (#7),read,,,,1,0
35674293,"The Complete Software Developer's Career Guide: How to Learn Programming Languages Quickly, Ace Your Programming Interview, and Land Your Software Developer Dream Job",John Z. Sonmez,"Sonmez, John Z.",,"=""""","=""""",4,4.06,Simple Programmer,Kindle Edition,796,2017,2017,2017/11/05,2020/03/08,business,business (#7),read,,,,1,0
76334,A New Earth: Awakening to Your Life's Purpose,Eckhart Tolle,"Tolle, Eckhart",,"=""0452287588""","=""9780452287587""",4,4.13,Plume,Paperback,316,2006,2005,2018/02/01,2020/03/08,spiritual,spiritual (#4),read,,,,1,0
7153903,F.U. Money: Make As Much Money As You Want And Live Your Life As You Damn Well Please!,Dan Lok,"Lok, Dan",,"=""1599321475""","=""9781599321479""",3,3.92,Advantage Media Group,Hardcover,220,2009,2009,2019/09/01,2020/03/08,business,business (#5),read,,,,1,0
17910144,Talk Like TED: The 9 Public-Speaking Secrets of the World's Top Minds,Carmine Gallo,"Gallo, Carmine",,"=""1250041120""","=""9781250041128""",3,3.88,NXB Phụ Nữ ,Hardcover,363,2017,2014,2015/08/04,2020/03/08,non-fiction,non-fiction (#16),read,,,,1,0
35957157,Thinking in Bets: Making Smarter Decisions When You Don't Have All the Facts,Annie Duke,"Duke, Annie",,"=""0735216355""","=""9780735216358""",4,3.83,Portfolio Penguin,Hardcover,288,2018,2018,2019/11/03,2019/12/30,non-fiction,non-fiction (#15),read,,,,1,0
18050143,"Zero to One: Notes on Startups, or How to Build the Future",Peter Thiel,"Thiel, Peter",Blake  Masters,"=""0804139296""","=""9780804139298""",4,4.18,Crown Business,Hardcover,195,2014,2014,2018/05/07,2019/07/28,business,business (#1),read,,,,1,0
18197267,"Don't Make Me Think, Revisited: A Common Sense Approach to Web Usability",Steve Krug,"Krug, Steve",,"=""0321965515""","=""9780321965516""",5,4.24,New Riders Publishing,Paperback,200,2013,2000,,2020/03/11,non-fiction,non-fiction (#13),read,,,,1,0
6658783,Rocket Surgery Made Easy: The Do-It-Yourself Guide to Finding and Fixing Usability Problems,Steve Krug,"Krug, Steve",,"=""0321657292""","=""9780321657299""",5,4.13,New Riders Publishing,Paperback,161,2009,2009,,2020/03/11,non-fiction,non-fiction (#12),read,,,,1,0
2998152,JavaScript: The Good Parts,Douglas Crockford,"Crockford, Douglas",,"=""0596517742""","=""9780596517748""",5,4.23,Yahoo Press,Paperback,153,2008,2008,,2020/03/11,programming,programming (#11),read,,,,1,0
148050,JavaScript: The Definitive Guide,David Flanagan,"Flanagan, David",,"=""0596101996""","=""9780596101992""",4,4.08,O'Reilly Media,Paperback,1032,2006,1996,,2020/03/11,programming,programming (#10),read,,,,1,0
12442420,JavaScript Enlightenment,Cody Lindley,"Lindley, Cody",عبد اللطيف محمد أديب ايمش,"=""""","=""""",3,3.56,,,,,2012,,2020/03/11,programming,programming (#9),read,,,,1,0
38093768,The Man on the Mountaintop,Susan Trott,"Trott, Susan",,"=""""","=""""",3,3.78,Audible,Audible Audio,,2017,,2019/03/07,2020/03/08,fiction,fiction (#6),read,,,,1,0
25817524,Alibaba: The House That Jack Ma Built,Duncan Clark,"Clark, Duncan",,"=""0062413406""","=""9780062413406""",5,3.87,Ecco,Hardcover,304,2016,2016,2018/05/10,2020/03/08,"favorites, autobiography","favorites (#4), autobiography (#6)",read,,,,1,0
18144590,The Alchemist,Paulo Coelho,"Coelho, Paulo","Alan R. Clarke, James Noel Smith","=""0062315005""","=""9780062315007""",4,3.90,HarperOne,Paperback,175,2014,1988,2017/08/23,2020/03/08,"favorites, fiction","favorites (#5), fiction (#5)",read,,,,1,0
514964,Confessions of an Economic Hitman,John Perkins,"Perkins, John",,"=""""","=""""",5,3.86,Plume,Paperback,303,2005,2004,,2020/11/17,autobiography,autobiography (#5),read,,,,1,0
39866497,Eloquent JavaScript: A Modern Introduction to Programming,Marijn Haverbeke,"Haverbeke, Marijn",,"=""""","=""""",3,4.14,No Starch Press,Kindle Edition,474,2018,2010,2020/11/17,2019/10/17,programming,programming (#8),read,,,,2,0
42615459,Have a Nice Day,Billy Crystal,"Crystal, Billy",,"=""""","=""""",4,4.19,,Audible Audio,,2018,2018,2020/01/03,2020/03/08,fiction,fiction (#4),read,,,,1,0
34974310,The Last Black Unicorn,Tiffany Haddish,"Haddish, Tiffany",,"=""1501181823""","=""9781501181825""",4,3.84,Gallery Books,Hardcover,288,2017,2017,2019/03/06,2020/03/08,autobiography,autobiography (#2),read,,,,1,0
44525766,Loserthink: How Untrained Brains Are Ruining America,Scott Adams,"Adams, Scott",,"=""0593083520""","=""9780593083529""",4,3.81,Portfolio,Hardcover,256,2019,2019,,2020/03/08,non-fiction,non-fiction (#10),read,,,,1,0
28259132,Chaos Monkeys: Obscene Fortune and Random Failure in Silicon Valley,Antonio García Martínez,"Martínez, Antonio García",,"=""0062458191""","=""9780062458193""",5,3.71,Harper,Hardcover,528,2016,2016,,2020/02/20,"favorites, non-fiction","favorites (#7), non-fiction (#8)",read,,,,1,0
6708,The Power of Now: A Guide to Spiritual Enlightenment,Eckhart Tolle,"Tolle, Eckhart",,"=""1577314808""","=""9781577314806""",4,4.15,New World Library,Paperback,229,2004,1997,2018/02/04,2020/03/08,spiritual,spiritual (#2),read,,,,1,0
16121,"Titan: The Life of John D. Rockefeller, Sr.",Ron Chernow,"Chernow, Ron",,"=""1400077303""","=""9781400077304""",0,4.16,Vintage,Paperback,832,2004,1998,,2021/08/28,to-read,to-read (#46),to-read,,,,0,0
2054761,The Snowball: Warren Buffett and the Business of Life,Alice Schroeder,"Schroeder, Alice",,"=""0553805096""","=""9780553805093""",0,4.13,Bantam Books,Hardcover,960,2008,2008,,2021/08/28,to-read,to-read (#45),to-read,,,,0,0
866222,Winning,Jack Welch,"Welch, Jack",Suzy Welch,"=""0060753943""","=""9780060753948""",0,3.85,Harper Business,Hardcover,384,2005,2005,,2021/08/28,to-read,to-read (#44),to-read,,,,0,0
54505323,Invent and Wander: The Collected Writings of Jeff Bezos,Jeff Bezos,"Bezos, Jeff",Walter Isaacson,"=""1647820715""","=""9781647820718""",0,3.88,,Hardcover,288,2020,2020,,2021/08/25,to-read,to-read (#43),to-read,,,,0,0
40121378,Atomic Habits: An Easy & Proven Way to Build Good Habits & Break Bad Ones,James Clear,"Clear, James",,"=""""","=""""",0,4.38,Avery,Kindle Edition,319,2018,2018,,2021/08/25,to-read,to-read (#42),to-read,,,,0,0
113934,The Goal: A Process of Ongoing Improvement,Eliyahu M. Goldratt,"Goldratt, Eliyahu M.",Jeff Cox,"=""0884271781""","=""9780884271789""",0,4.08,North River Press,Paperback,384,2004,1984,,2021/08/25,currently-reading,currently-reading (#4),currently-reading,,,,1,0
9418327,Bossypants,Tina Fey,"Fey, Tina",,"=""""","=""""",0,3.96,Reagan Arthur Books,Kindle Edition,283,2011,2011,,2021/08/25,to-read,to-read (#41),to-read,,,,0,0
55359022,A Promised Land,Barack Obama,"Obama, Barack",,"=""1524763160""","=""9781524763169""",0,4.35,Crown Publishing Group,Hardcover,751,2020,2020,,2020/11/22,currently-reading,currently-reading (#1),currently-reading,,,,1,0
9402297,The Bed of Procrustes: Philosophical and Practical Aphorisms,Nassim Nicholas Taleb,"Taleb, Nassim Nicholas",,"=""1400069971""","=""9781400069972""",0,3.78,Random House,Hardcover,128,2010,2010,,2021/08/25,to-read,to-read (#40),to-read,,,,0,0
38315,Fooled by Randomness: The Hidden Role of Chance in Life and in the Markets,Nassim Nicholas Taleb,"Taleb, Nassim Nicholas",,"=""0812975219""","=""9780812975215""",0,4.08,Random House Trade Paperbacks,Paperback,368,2005,2001,,2021/08/25,to-read,to-read (#39),to-read,,,,0,0
13530973,Antifragile: Things That Gain from Disorder,Nassim Nicholas Taleb,"Taleb, Nassim Nicholas",,"=""1400067820""","=""9781400067824""",0,4.10,Random House,Hardcover,426,2012,2012,,2021/08/25,to-read,to-read (#38),to-read,,,,0,0
36064445,Skin in the Game: The Hidden Asymmetries in Daily Life,Nassim Nicholas Taleb,"Taleb, Nassim Nicholas",,"=""0241300657""","=""9780241300657""",0,3.89,Allen Lane,Paperback,272,2018,2018,,2021/08/25,to-read,to-read (#37),to-read,,,,0,0
242472,The Black Swan: The Impact of the Highly Improbable,Nassim Nicholas Taleb,"Taleb, Nassim Nicholas","Микола Климчук, David Chandler","=""""","=""""",0,3.95,Random House ,Hardcover,366,2007,2007,,2021/08/25,to-read,to-read (#36),to-read,,,,0,0
43710233,Scaling Leadership: Building Organizational Capability and Capacity to Create Outcomes that Matter Most,Bob   Anderson,"Anderson, Bob","William A.  Adams, Ed Catmull","=""""","=""""",0,4.17,Wiley,Kindle Edition,288,2019,2019,,2021/08/25,to-read,to-read (#35),to-read,,,,0,0
54110137,"Sapiens: A Graphic History, Volume 1 - The Birth of Humankind",David Vandermeulen,"Vandermeulen, David","Daniel Casanave, Yuval Noah Harari","=""0063055082""","=""9780063055087""",0,4.39,Harper,Hardcover,248,2020,2020,,2021/08/25,to-read,to-read (#34),to-read,,,,0,0
38820046,21 Lessons for the 21st Century,Yuval Noah Harari,"Harari, Yuval Noah",,"=""0525512179""","=""9780525512172""",0,4.18,Random House,Hardcover,372,2018,2018,,2021/08/25,to-read,to-read (#33),to-read,,,,0,0
31138556,Homo Deus: A History of Tomorrow,Yuval Noah Harari,"Harari, Yuval Noah",,"=""""","=""""",0,4.22,Harper,Kindle Edition,450,2017,2015,,2021/08/25,to-read,to-read (#32),to-read,,,,0,0
4671,The Great Gatsby,F. Scott Fitzgerald,"Fitzgerald, F. Scott",,"=""""","=""""",0,3.93,Scribner,Paperback,180,1925,1925,,2021/08/25,to-read,to-read (#31),to-read,,,,0,0
33585396,Side Hustle: From Idea to Income in 27 Days,Chris Guillebeau,"Guillebeau, Chris",,"=""1524758841""","=""9781524758844""",0,3.70,Currency,Hardcover,272,2017,2017,,2021/08/25,to-read,to-read (#30),to-read,,,,0,0
8978488,"The Art of Non-Conformity: Set Your Own Rules, Live the Life You Want, and Change the World",Chris Guillebeau,"Guillebeau, Chris",,"=""1101443081""","=""9781101443088""",0,3.81,Perigee Books,ebook,170,2010,2014,,2021/08/25,to-read,to-read (#29),to-read,,,,0,0
44436221,Interior Chinatown,Charles Yu,"Yu, Charles",,"=""""","=""""",0,3.99,Pantheon Books,Hardcover,288,2020,2020,,2021/08/25,to-read,to-read (#28),to-read,,,,0,0
11722275,The Toyota Way to Lean Leadership: Achieving and Sustaining Excellence Through Leadership Development,Jeffrey K. Liker,"Liker, Jeffrey K.",Gary L. Convis,"=""0071780785""","=""9780071780780""",0,4.07,McGraw-Hill Companies,Hardcover,320,2011,2011,,2021/08/20,to-read,to-read (#27),to-read,,,,0,0
10127019,The Lean Startup: How Today's Entrepreneurs Use Continuous Innovation to Create Radically Successful Businesses,Eric Ries,"Ries, Eric",,"=""0307887898""","=""9780307887894""",5,4.11,Currency,Hardcover,299,2011,2011,2019/07/28,2019/07/28,"business, favorites","business (#2), favorites (#6)",read,,,,2,0
29634529,TypeScript Deep Dive,Basarat Ali Syed,"Syed, Basarat Ali",,"=""""","=""""",4,3.67,,ebook,378,,,2020/07/02,2020/06/28,programming,programming (#6),read,,,,2,0
85009,Design Patterns: Elements of Reusable Object-Oriented Software,Erich Gamma,"Gamma, Erich","Grady Booch, Richard Helm, Ralph Johnson, John Vlissides","=""0201633612""","=""9780201633610""",0,4.19,Addison-Wesley Professional,Hardcover,416,1994,1994,,2020/03/16,"non-fiction, to-read","non-fiction (#5), to-read (#26)",to-read,,,,0,0
50705179,Numbers Don't Lie: 71 Things You Need to Know About the World,Vaclav Smil,"Smil, Vaclav",,"=""0241454417""","=""9780241454411""",0,3.85,Viking,Hardcover,384,2020,2020,,2021/08/09,to-read,to-read (#25),to-read,,,,0,0
2169661,The Search for Truth,Michael A. Singer,"Singer, Michael A.",,"=""0914374036""","=""9780914374039""",0,4.19,Shanti Publications,Paperback,153,1974,1974,,2021/07/16,to-read,to-read (#24),to-read,,,,0,0
796429,The Three Pillars of Zen,Philip Kapleau,"Kapleau, Philip",,"=""0385260938""","=""9780385260930""",0,4.07,Anchor,Paperback,480,1989,1965,,2021/07/14,to-read,to-read (#23),to-read,,,,0,0
34536488,Principles: Life and Work,Ray Dalio,"Dalio, Ray",Jeremy Bobb,"=""1508243247""","=""9781508243243""",5,4.12,Simon  Schuster Audio,Audio CD,592,2017,2017,2021/06/14,2020/02/20,business,business (#3),read,,,,1,0
387190,Test-Driven Development: By Example,Kent Beck,"Beck, Kent",,"=""0321146530""","=""9780321146533""",0,4.09,Addison-Wesley Professional,Paperback,216,2002,2002,,2021/04/14,to-read,to-read (#22),to-read,,,,0,0
3828382,Tribes: We Need You to Lead Us,Seth Godin,"Godin, Seth",,"=""1591842336""","=""9781591842330""",0,3.81,Portfolio,Hardcover,151,2008,2008,,2020/11/20,to-read,to-read (#21),to-read,,,,0,0
6828896,"Delivering Happiness: A Path to Profits, Passion, and Purpose",Tony Hsieh,"Hsieh, Tony",,"=""0446563048""","=""9780446563048""",0,4.03,Grand Central Publishing,Hardcover,246,2010,2010,,2020/11/20,to-read,to-read (#20),to-read,,,,0,0
18077903,"Creativity, Inc.: Overcoming the Unseen Forces That Stand in the Way of True Inspiration",Ed Catmull,"Catmull, Ed",Amy    Wallace,"=""0812993012""","=""9780812993011""",0,4.21,Random House,Hardcover,368,2014,2014,,2020/11/20,to-read,to-read (#19),to-read,,,,0,0
16071764,"Lean In: Women, Work, and the Will to Lead",Sheryl Sandberg,"Sandberg, Sheryl",Nell Scovell,"=""0385349947""","=""9780385349949""",0,3.95,Knopf,Hardcover,217,2013,2013,,2020/11/20,to-read,to-read (#18),to-read,,,,0,0
368593,The 4-Hour Workweek,Timothy Ferriss,"Ferriss, Timothy",,"=""0307353133""","=""9780307353139""",0,3.92,Crown Business,ebook,308,2007,2007,,2020/11/20,to-read,to-read (#17),to-read,,,,0,0
17660462,The Everything Store: Jeff Bezos and the Age of Amazon,Brad Stone,"Stone, Brad",,"=""0316219266""","=""9780316219266""",0,4.14,"Little, Brown and Company",Hardcover,384,2013,2013,,2020/11/20,to-read,to-read (#16),to-read,,,,0,0
52200318,"The Great Mental Models, Volume 2: Physics, Chemistry and Biology",Shane Parrish,"Parrish, Shane",Rhiannon Beaubien,"=""1999449037""","=""9781999449032""",0,4.19,Latticework Publishing Inc.,Hardcover,397,2020,2019,,2020/11/17,to-read,to-read (#15),to-read,,,,0,0
53104184,Power Moves: Lessons from Davos,NOT A BOOK,"BOOK, NOT A",,"=""""","=""""",3,3.69,Audible Original,Audiobook,,2019,,,2020/11/17,,,read,,,,1,0
13614924,Mindset: How You Can Fulfil Your Potential,Carol S. Dweck,"Dweck, Carol S.",,"=""""","=""9781780332000""",5,4.09,Robinson,Paperback,301,2017,2006,2016/01/01,2020/10/12,"non-fiction, favorites","non-fiction (#6), favorites (#3)",read,,,,1,0
31948742,Born a Crime: Stories from a South African Childhood,Trevor Noah,"Noah, Trevor",,"=""""","=""""",0,4.49,Spiegel & Grau,Kindle Edition,264,2016,2016,,2020/05/29,to-read,to-read (#14),to-read,,,,0,0
18655793,Human JavaScript,Henrik Joreteg,"Joreteg, Henrik","Jenn   Turner, Amy Lynn Taylor, Jan Lehnardt","=""""","=""""",3,3.44,&yet,ebook,104,2013,2013,2020/05/30,2020/05/29,programming,programming (#5),read,"Good quick read, I will recommend it to my students, beginner friendly. Has some nice principles like refactor early and not being afraid to do so. Good introduction to getting you to think about state and view models.",,,1,0
44936,Refactoring: Improving the Design of Existing Code,Martin Fowler,"Fowler, Martin","Kent Beck, Don Roberts, Erich Gamma","=""0201485672""","=""9780201485677""",0,4.25,Addison-Wesley Professional,Hardcover,431,1999,1999,,2020/03/18,to-read,to-read (#13),to-read,,,,0,0
10361330,HTML and CSS: Design and Build Websites,Jon Duckett,"Duckett, Jon",,"=""1118008189""","=""9781118008188""",4,4.31,Wiley,Paperback,514,2011,2011,,2020/03/11,programming,programming (#4),read,,,,1,0
26032410,Domain-Driven Design in PHP,Carlos Buenosvinos,"Buenosvinos, Carlos","Christian Soronellas, Keyvan Akbary","=""""","=""""",5,4.44,,ebook,380,216,,,2020/03/11,programming,programming (#3),read,,,,1,0
4479421,PHP Object-Oriented Solutions,David Powers,"Powers, David",,"=""1430210117""","=""9781430210115""",3,3.88,Apress,Paperback,372,2008,2008,,2020/03/11,programming,programming (#2),read,,,,1,0
7107155,jQuery Cookbook: Solutions & Examples for jQuery Developers,Cody Lindley,"Lindley, Cody","Cody Lindley, jQuery Community Experts","=""0596159773""","=""9780596159771""",4,3.89,O'Reilly Media,Paperback,480,2009,2009,,2020/03/11,programming,programming (#1),read,,,,1,0
3539925,Mobile Web Design,Cameron Moll,"Moll, Cameron",,"=""0615185916""","=""9780615185910""",3,3.40,Cameron Moll,Paperback,108,2008,2007,,2020/03/11,non-fiction,non-fiction (#4),read,,,,1,0
13073411,Mobile Design Pattern Gallery: UI Patterns for Mobile Applications,Theresa Neil,"Neil, Theresa",,"=""1449314325""","=""9781449314323""",5,3.81,O'Reilly Media,Paperback,284,2012,2011,,2020/03/11,non-fiction,non-fiction (#3),read,,,,1,0
344733,Persuasive Technology: Using Computers to Change What We Think and Do,B.J. Fogg,"Fogg, B.J.",,"=""1558606432""","=""9781558606432""",4,3.84,Morgan Kaufmann Publishers,Paperback,312,2002,2002,,2020/03/11,non-fiction,non-fiction (#2),read,,,,1,0
12671770,Dodge & Twist: A Sequel To Oliver Twist,Tony Lee,"Lee, Tony",,"=""""","=""""",3,3.55,,Kindle Edition,228,,2011,2019/10/06,2020/03/08,,,read,,,,1,0
16256798,The One Thing: The Surprisingly Simple Truth Behind Extraordinary Results,Gary Keller,"Keller, Gary",Jay Papasan,"=""1885167776""","=""9781885167774""",3,4.13,Bard Press,Hardcover,240,2013,2012,2017/07/05,2020/03/08,,,read,,,,1,0
2612,The Tipping Point: How Little Things Can Make a Big Difference,Malcolm Gladwell,"Gladwell, Malcolm",,"=""0316346624""","=""9780316346627""",5,4.00,Time Warner Book Group,Paperback,301,2002,2000,2005/08/07,2020/03/08,,,read,,,,1,0
3228917,Outliers: The Story of Success,Malcolm Gladwell,"Gladwell, Malcolm",,"=""0316017922""","=""9780316017923""",5,4.19,"Little, Brown and Company",Hardcover,309,2008,2008,2014/04/07,2020/03/08,,,read,,,,1,0
40102,Blink: The Power of Thinking Without Thinking,Malcolm Gladwell,"Gladwell, Malcolm","Irina Henegar, Barry Fox","=""0316010669""","=""9780316010665""",5,3.96,Back Bay Books,Paperback,296,2007,2005,2010/07/05,2020/03/08,,,read,,,,1,0
15751404,"David and Goliath: Underdogs, Misfits, and the Art of Battling Giants",Malcolm Gladwell,"Gladwell, Malcolm",,"=""0316204366""","=""9780316204361""",4,3.96,"Little, Brown and Company",Hardcover,305,2013,2013,2013/09/09,2020/03/08,,,read,,,,1,0
69571,"Rich Dad, Poor Dad",Robert T. Kiyosaki,"Kiyosaki, Robert T.",Sharon L. Lechter,"=""0751532711""","=""9780751532715""",4,4.12,Time Warner Books UK,Paperback,195,2007,1997,2014/02/04,2020/03/08,,,read,,,,1,0
81922,Rich Dad's Cashflow Quadrant: Rich Dad's Guide to Financial Freedom,Robert T. Kiyosaki,"Kiyosaki, Robert T.",Sharon L. Lechter,"=""0446677477""","=""9780446677479""",3,4.13,Business Plus,Paperback,376,2012,,2015/08/08,2020/03/08,,,read,,,,1,0
817589,Learn to Earn: A Beginner's Guide to the Basics of Investing and Business,Peter Lynch,"Lynch, Peter",John Rothchild,"=""0684811634""","=""9780684811635""",4,4.05,Simon  Schuster,Paperback,272,1996,1995,2005/09/09,2020/03/08,,,read,,,,1,0
830502,It,Stephen King,"King, Stephen",,"=""0450411435""","=""9780450411434""",5,4.25,New English Library,Paperback,1116,1987,1986,1998/10/06,2020/03/09,fiction,fiction (#1),read,,,,2,0
841724,Tom Clancy's Rainbow Six (Prima's Official Strategy Guides),Prima Publishing,"Publishing, Prima",,"=""0761523308""","=""9780761523307""",4,4.24,Prima Games,Paperback,136,1999,1999,2006/03/01,2020/03/09,fiction,fiction (#2),read,,,,1,0
968,"The Da Vinci Code (Robert Langdon, #2)",Dan Brown,"Brown, Dan",,"=""""","=""""",4,3.90,Anchor,Paperback,489,2006,2003,,2020/03/09,fiction,fiction (#3),read,,,,1,0
960,"Angels & Demons (Robert Langdon, #1)",Dan Brown,"Brown, Dan",,"=""1416524797""","=""9781416524793""",3,3.93,Pocket Books,Mass Market Paperback,736,2006,2000,,2020/03/09,,,read,,,,1,0
252577,"Angela's Ashes (Frank McCourt, #1)",Frank McCourt,"McCourt, Frank",,"=""0007205236""","=""9780007205233""",4,4.14,Harper Perennial,Paperback,452,2005,1996,,2020/03/09,,,read,,,,1,0
34427205,Win Bigly: Persuasion in a World Where Facts Don't Matter,Scott Adams,"Adams, Scott",,"=""0735219710""","=""9780735219717""",0,3.73,Portfolio Penguin,Hardcover,304,2017,2017,,2020/03/08,to-read,to-read (#12),to-read,,,,0,0
17859574,How to Fail at Almost Everything and Still Win Big: Kind of the Story of My Life,Scott Adams,"Adams, Scott",,"=""1591846919""","=""9781591846918""",0,4.05,Penguin Portfolio,Hardcover,248,2013,2013,,2020/03/08,to-read,to-read (#11),to-read,,,,0,0
22328546,"Red Queen (Red Queen, #1)",Victoria Aveyard,"Aveyard, Victoria",,"=""""","=""""",0,4.02,HarperTeen,Hardcover,388,2015,2015,,2020/03/08,to-read,to-read (#10),to-read,,,,0,0
36160513,"Bitcoin: 2 Books in 1 - The Concise Guide to Bitcoin and Blockchain - How To Make Money Online With Cryptocurrency (Bitcoin, Blockchain, Cryptocurrency)",T.J. Richmond,"Richmond, T.J.",,"=""""","=""""",3,4.00,,Kindle Edition,135,2017,,,2020/03/08,,,read,,,,1,0
51210419,The Man Who Knew The Way to the Moon,Todd Zwillich,"Zwillich, Todd",Angelo Di Loreto,"=""""","=""""",3,3.83,Audible Studios,Audible Audio,5,2019,2019,,2020/03/08,,,read,,,,1,0
119760,The Seat of the Soul,Gary Zukav,"Zukav, Gary",,"=""0684865181""","=""9780684865188""",5,4.01,Simon & Schuster,Hardcover,256,2012,1989,,2020/02/20,spiritual,spiritual (#1),read,,,,1,0
28014216,The Nordic Theory of Everything: In Search of a Better Life,Anu  Partanen,"Partanen, Anu",,"=""0062316567""","=""9780062316561""",0,3.86,Harper,ebook,448,2016,2016,,2019/12/30,to-read,to-read (#9),to-read,,,,0,0
7237139,The New Common Denominator of Success,Albert E.N. Gray,"Gray, Albert E.N.",,"=""1933715731""","=""9781933715735""",0,4.32,Executive Books,Paperback,43,2008,2008,,2019/10/20,to-read,to-read (#8),to-read,,,,0,0
29974755,The Leader's Guide,Eric Ries,"Ries, Eric",,"=""""","=""8881458671234""",0,4.14,,ebook,367,2016,,,2019/07/29,to-read,to-read (#7),to-read,,,,0,0
583785,The Systems Bible: The Beginner's Guide to Systems Large and Small: Being the Third Edition of Systemantics,John Gall,"Gall, John",,"=""0961825170""","=""9780961825171""",0,3.98,General Systemantics Press,Hardcover,314,2002,1977,,2019/03/20,to-read,to-read (#6),to-read,,,,0,0
37976541,Bad Blood: Secrets and Lies in a Silicon Valley Startup,John Carreyrou,"Carreyrou, John",,"=""""","=""""",0,4.41,Knopf Publishing Group,Hardcover,339,2018,2018,,2019/01/06,to-read,to-read (#5),to-read,,,,0,0
12605157,"The $100 Startup: Reinvent the Way You Make a Living, Do What You Love, and Create a New Future",Chris Guillebeau,"Guillebeau, Chris",,"=""0307951529""","=""9780307951526""",0,3.87,Crown Business,Hardcover,268,2012,2012,,2019/01/06,to-read,to-read (#4),to-read,,,,0,0
6732019,Rework,Jason Fried,"Fried, Jason",David Heinemeier Hansson,"=""0307463745""","=""9780307463746""",0,3.97,Crown Business,Hardcover,279,2010,2010,,2018/05/02,to-read,to-read (#3),to-read,,,,0,0
30317415,"Stealing Fire: How Silicon Valley, the Navy SEALs, and Maverick Scientists Are Revolutionizing the Way We Live and Work",Steven Kotler,"Kotler, Steven",Jamie Wheal,"=""0062429671""","=""9780062429674""",0,3.95,Dey Street Books,ebook,304,2017,2017,,2018/04/18,to-read,to-read (#2),to-read,,,,0,0
23215733,"The Software Craftsman: Professionalism, Pragmatism, Pride",Sandro Mancuso,"Mancuso, Sandro",,"=""0134052501""","=""9780134052502""",0,4.32,Pearson,Paperback,288,2014,2014,,2016/09/24,to-read,to-read (#1),to-read,,,,0,0
